Workbook

Sheet Assumptions
A1: IC Quota & Payout Model — Key Assumptions
A3: Assumption | B3: Value | C3: Source / Note
A4: Growth target (YoY brand growth applied to quota) | B4: 1.12 | C4: Company FY target, provided by user
A5: Base quarterly bonus target ($) | B5: 15000 | C5: Illustrative — standard target bonus per rep, provided by user
A6: Threshold attainment % (min. for any payout) | B6: 0.9 | C6: Standard pharma IC plan design
A7: Target attainment % (100% of target bonus) | B7: 1 | C7: Standard pharma IC plan design
A8: Excellence attainment % (payout cap reached) | B8: 1.2 | C8: Standard pharma IC plan design
A9: Excellence payout cap (% of target bonus) | B9: 1.25 | C9: Standard pharma IC plan design

Sheet Rep IC Model
A1: Rep-Level Quota, Attainment & Payout Model
A2: Blue = input data (from segmentation/call-plan pipeline) · Black = live formulas · Edit Assumptions tab to flex the whole model
A4: Rep ID | B4: # HCPs | C4: Territory Potential (current our-brand claims) | D4: Quota (=Potential x Growth Target) | E4: Actual Claims (input) | F4: Attainment % | G4: Payout % of Target Bonus | H4: Bonus Payout ($) | I4: Flag
A5: REP-001 | B5: 130 | C5: 1249 | D5: =C5*Assumptions!$B$4 -> 1398.88 | E5: 1754 | F5: =IFERROR(E5/D5,0) -> 1.2538602 | G5: =IF(F5<Assumptions!$B$6,0,IF(F5<Assumptions!$B$7,0.5+(F5-Assumptions!$B$6)*2.5,IF(F5<Assumptions!$B$8,0.75+(F5-Assumptions!$B$7)*1.25,Assumptions!$B$9))) -> 1.25 | H5: =G5*Assumptions!$B$5 -> 18750 | I5: =IF(AND(C5>=Diagnostics!$B$2,F5<0.9),"Underperforming (easy territory)",IF(AND(C5<Diagnostics!$B$2,F5>=1.1),"High performer (hard territory)","Normal")) -> Normal
A6: REP-002 | B6: 130 | C6: 911 | D6: =C6*Assumptions!$B$4 -> 1020.32 | E6: 949 | F6: =IFERROR(E6/D6,0) -> 0.93010036 | G6: =IF(F6<Assumptions!$B$6,0,IF(F6<Assumptions!$B$7,0.5+(F6-Assumptions!$B$6)*2.5,IF(F6<Assumptions!$B$8,0.75+(F6-Assumptions!$B$7)*1.25,Assumptions!$B$9))) -> 0.5752509 | H6: =G6*Assumptions!$B$5 -> 8628.7635 | I6: =IF(AND(C6>=Diagnostics!$B$2,F6<0.9),"Underperforming (easy territory)",IF(AND(C6<Diagnostics!$B$2,F6>=1.1),"High performer (hard territory)","Normal")) -> Normal
A7: REP-003 | B7: 130 | C7: 961 | D7: =C7*Assumptions!$B$4 -> 1076.32 | E7: 1082 | F7: =IFERROR(E7/D7,0) -> 1.0052772 | G7: =IF(F7<Assumptions!$B$6,0,IF(F7<Assumptions!$B$7,0.5+(F7-Assumptions!$B$6)*2.5,IF(F7<Assumptions!$B$8,0.75+(F7-Assumptions!$B$7)*1.25,Assumptions!$B$9))) -> 0.75659655 | H7: =G7*Assumptions!$B$5 -> 11348.948 | I7: =IF(AND(C7>=Diagnostics!$B$2,F7<0.9),"Underperforming (easy territory)",IF(AND(C7<Diagnostics!$B$2,F7>=1.1),"High performer (hard territory)","Normal")) -> Normal
A8: REP-004 | B8: 130 | C8: 798 | D8: =C8*Assumptions!$B$4 -> 893.76 | E8: 948 | F8: =IFERROR(E8/D8,0) -> 1.0606874 | G8: =IF(F8<Assumptions!$B$6,0,IF(F8<Assumptions!$B$7,0.5+(F8-Assumptions!$B$6)*2.5,IF(F8<Assumptions!$B$8,0.75+(F8-Assumptions!$B$7)*1.25,Assumptions!$B$9))) -> 0.82585929 | H8: =G8*Assumptions!$B$5 -> 12387.889 | I8: =IF(AND(C8>=Diagnostics!$B$2,F8<0.9),"Underperforming (easy territory)",IF(AND(C8<Diagnostics!$B$2,F8>=1.1),"High performer (hard territory)","Normal")) -> Normal
A9: REP-005 | B9: 130 | C9: 769 | D9: =C9*Assumptions!$B$4 -> 861.28 | E9: 759 | F9: =IFERROR(E9/D9,0) -> 0.88124652 | G9: =IF(F9<Assumptions!$B$6,0,IF(F9<Assumptions!$B$7,0.5+(F9-Assumptions!$B$6)*2.5,IF(F9<Assumptions!$B$8,0.75+(F9-Assumptions!$B$7)*1.25,Assumptions!$B$9))) -> 0 | H9: =G9*Assumptions!$B$5 -> 0 | I9: =IF(AND(C9>=Diagnostics!$B$2,F9<0.9),"Underperforming (easy territory)",IF(AND(C9<Diagnostics!$B$2,F9>=1.1),"High performer (hard territory)","Normal")) -> Normal
A10: REP-006 | B10: 130 | C10: 1130 | D10: =C10*Assumptions!$B$4 -> 1265.6 | E10: 1266 | F10: =IFERROR(E10/D10,0) -> 1.0003161 | G10: =IF(F10<Assumptions!$B$6,0,IF(F10<Assumptions!$B$7,0.5+(F10-Assumptions!$B$6)*2.5,IF(F10<Assumptions!$B$8,0.75+(F10-Assumptions!$B$7)*1.25,Assumptions!$B$9))) -> 0.75039507 | H10: =G10*Assumptions!$B$5 -> 11255.926 | I10: =IF(AND(C10>=Diagnostics!$B$2,F10<0.9),"Underperforming (easy territory)",IF(AND(C10<Diagnostics!$B$2,F10>=1.1),"High performer (hard territory)","Normal")) -> Normal
A11: REP-007 | B11: 130 | C11: 1650 | D11: =C11*Assumptions!$B$4 -> 1848 | E11: 1848 | F11: =IFERROR(E11/D11,0) -> 1 | G11: =IF(F11<Assumptions!$B$6,0,IF(F11<Assumptions!$B$7,0.5+(F11-Assumptions!$B$6)*2.5,IF(F11<Assumptions!$B$8,0.75+(F11-Assumptions!$B$7)*1.25,Assumptions!$B$9))) -> 0.75 | H11: =G11*Assumptions!$B$5 -> 11250 | I11: =IF(AND(C11>=Diagnostics!$B$2,F11<0.9),"Underperforming (easy territory)",IF(AND(C11<Diagnostics!$B$2,F11>=1.1),"High performer (hard territory)","Normal")) -> Normal
A12: REP-008 | B12: 130 | C12: 845 | D12: =C12*Assumptions!$B$4 -> 946.4 | E12: 697 | F12: =IFERROR(E12/D12,0) -> 0.73647506 | G12: =IF(F12<Assumptions!$B$6,0,IF(F12<Assumptions!$B$7,0.5+(F12-Assumptions!$B$6)*2.5,IF(F12<Assumptions!$B$8,0.75+(F12-Assumptions!$B$7)*1.25,Assumptions!$B$9))) -> 0 | H12: =G12*Assumptions!$B$5 -> 0 | I12: =IF(AND(C12>=Diagnostics!$B$2,F12<0.9),"Underperforming (easy territory)",IF(AND(C12<Diagnostics!$B$2,F12>=1.1),"High performer (hard territory)","Normal")) -> Normal
A13: REP-009 | B13: 130 | C13: 688 | D13: =C13*Assumptions!$B$4 -> 770.56 | E13: 888 | F13: =IFERROR(E13/D13,0) -> 1.1524086 | G13: =IF(F13<Assumptions!$B$6,0,IF(F13<Assumptions!$B$7,0.5+(F13-Assumptions!$B$6)*2.5,IF(F13<Assumptions!$B$8,0.75+(F13-Assumptions!$B$7)*1.25,Assumptions!$B$9))) -> 0.9405108 | H13: =G13*Assumptions!$B$5 -> 14107.662 | I13: =IF(AND(C13>=Diagnostics!$B$2,F13<0.9),"Underperforming (easy territory)",IF(AND(C13<Diagnostics!$B$2,F13>=1.1),"High performer (hard territory)","Normal")) -> High performer (hard territory)
A14: REP-010 | B14: 130 | C14: 840 | D14: =C14*Assumptions!$B$4 -> 940.8 | E14: 1026 | F14: =IFERROR(E14/D14,0) -> 1.0905612 | G14: =IF(F14<Assumptions!$B$6,0,IF(F14<Assumptions!$B$7,0.5+(F14-Assumptions!$B$6)*2.5,IF(F14<Assumptions!$B$8,0.75+(F14-Assumptions!$B$7)*1.25,Assumptions!$B$9))) -> 0.86320153 | H14: =G14*Assumptions!$B$5 -> 12948.023 | I14: =IF(AND(C14>=Diagnostics!$B$2,F14<0.9),"Underperforming (easy territory)",IF(AND(C14<Diagnostics!$B$2,F14>=1.1),"High performer (hard territory)","Normal")) -> Normal
A15: REP-011 | B15: 130 | C15: 1099 | D15: =C15*Assumptions!$B$4 -> 1230.88 | E15: 1115 | F15: =IFERROR(E15/D15,0) -> 0.90585597 | G15: =IF(F15<Assumptions!$B$6,0,IF(F15<Assumptions!$B$7,0.5+(F15-Assumptions!$B$6)*2.5,IF(F15<Assumptions!$B$8,0.75+(F15-Assumptions!$B$7)*1.25,Assumptions!$B$9))) -> 0.51463993 | H15: =G15*Assumptions!$B$5 -> 7719.599 | I15: =IF(AND(C15>=Diagnostics!$B$2,F15<0.9),"Underperforming (easy territory)",IF(AND(C15<Diagnostics!$B$2,F15>=1.1),"High performer (hard territory)","Normal")) -> Normal
A16: REP-012 | B16: 130 | C16: 661 | D16: =C16*Assumptions!$B$4 -> 740.32 | E16: 721 | F16: =IFERROR(E16/D16,0) -> 0.97390318 | G16: =IF(F16<Assumptions!$B$6,0,IF(F16<Assumptions!$B$7,0.5+(F16-Assumptions!$B$6)*2.5,IF(F16<Assumptions!$B$8,0.75+(F16-Assumptions!$B$7)*1.25,Assumptions!$B$9))) -> 0.68475794 | H16: =G16*Assumptions!$B$5 -> 10271.369 | I16: =IF(AND(C16>=Diagnostics!$B$2,F16<0.9),"Underperforming (easy territory)",IF(AND(C16<Diagnostics!$B$2,F16>=1.1),"High performer (hard territory)","Normal")) -> Normal
... A43: REP-039 | B43: 105 | C43: 687 | D43: =C43*Assumptions!$B$4 -> 769.44 | E43: 973 | F43: =IFERROR(E43/D43,0) -> 1.264556 | G43: =IF(F43<Assumptions!$B$6,0,IF(F43<Assumptions!$B$7,0.5+(F43-Assumptions!$B$6)*2.5,IF(F43<Assumptions!$B$8,0.75+(F43-Assumptions!$B$7)*1.25,Assumptions!$B$9))) -> 1.25 | H43: =G43*Assumptions!$B$5 -> 18750 | I43: =IF(AND(C43>=Diagnostics!$B$2,F43<0.9),"Underperforming (easy territory)",IF(AND(C43<Diagnostics!$B$2,F43>=1.1),"High performer (hard territory)","Normal")) -> High performer (hard territory)
A44: TOTAL | B44: =SUM(B5:B43) -> 5045 | C44: =SUM(C5:C43) -> 35904 | D44: =SUM(D5:D43) -> 40212.48 | E44: =SUM(E5:E43) -> 39983 | H44: =SUM(H5:H43) -> 360812.65

Sheet Diagnostics
A1: IC Fairness Diagnostics
A2: Avg Territory Potential per Rep (proxy for median) | B2: ='Rep IC Model'!C44/COUNTA('Rep IC Model'!A5:A43) -> 920.61538 | C2: Used as the split point for the over/under-incentivized flag on the Rep IC Model tab (mean used as a robust proxy for median in-formula; see README for exact median)
A4: Correlation: Territory Potential vs. Attainment % | B4: 0.219 | C4: Computed in Python from the underlying dataset (see 05_incentive_comp.py). Near 0 = quotas are well difficulty-adjusted.
A6: Flag Distribution
A7: Normal | B7: 34
A8: High performer (hard territory) | B8: 3
A9: Underperforming (easy territory) | B9: 2
